序号,链接,节点数
0,https://gist.githubusercontent.com/peasoft/40b87245630092f30cc98af61190b4e2/raw/,10
1,https://raw.githubusercontent.com/Huibq/TrojanLinks/master/links/vmess,0
2,https://raw.githubusercontent.com/Surfboardv2ray/TGParse/main/python/hy2,0
3,https://raw.githubusercontent.com/Surfboardv2ray/TGParse/main/python/hysteria2,5
4,https://raw.githubusercontent.com/ripaojiedian/freenode/main/clash,14
5,https://raw.githubusercontent.com/ripaojiedian/freenode/main/sub,14
6,https://raw.githubusercontent.com/zhangkaiitugithub/passcro/main/speednodes.yaml,14
7,https://urYdGO.absslk.xyz/ac8e3de711e4436ae478614c9361c9f1,0

总计,,44
